{"_timestamp":1.773700592824526e+09,"_step":80,"loss":6.5,"lr":8.1e-06,"steps_per_sec":3.1469693220490824,"_wandb":{"runtime":33},"_runtime":33.015869693}